year,headcount,total_gross_compensation
1,10500,874726137.8539001
2,10500,894474106.5115869
3,10640,927631504.6847047
4,10870,973327535.1479409
5,11083,1018178025.652709
