Year,Continuous Active,Experienced Terminated,New Hire Active,New Hire Terminated,Total Terminated,Active,ActiveGrowthRate
2025,127,23,8,0,23,135,-0.09999999999999998
2026,110,25,8,0,25,118,-0.12592592592592589
2027,102,16,9,0,16,111,-0.05932203389830504
2028,102,9,9,0,9,111,0.0
2029,99,12,10,0,12,109,-0.018018018018018056
