scenario,year,headcount,total_comp
Baseline,1,10771,851359430.5303
Baseline,2,10970,866208578.0081911
Baseline,3,11206,888557484.336849
Baseline,4,11398,906797593.4852002
Baseline,5,11631,922478619.4063447
