scenario,year,headcount,eligible,participating,participation_rate_eligible,participation_rate_total,avg_deferral_rate_participants,avg_deferral_rate_total,total_employee_pre_tax,total_employer_match,total_employer_nec,total_employer_cost,total_contributions,total_plan_year_compensation,total_capped_compensation,employer_cost_pct_plan_comp,employer_cost_pct_capped_comp
Baseline,1,10500,10466,9391,0.8972864513663291,0.8943809523809524,0.0,0.0,0.0,11982297.270000001,0.0,11982297.270000001,11982297.270000001,0.0,0.0,0.0,0.0
Baseline,2,10500,10483,9523,0.9084231613087856,0.906952380952381,0.0,0.0,0.0,11982297.270000001,0.0,11982297.270000001,11982297.270000001,0.0,0.0,0.0,0.0
Baseline,3,10640,10630,9651,0.9079021636876764,0.9070488721804512,0.0,0.0,0.0,11982297.270000001,0.0,11982297.270000001,11982297.270000001,0.0,0.0,0.0,0.0
Baseline,4,10870,10857,9876,0.9096435479414203,0.9085556577736891,0.0,0.0,0.0,11982297.270000001,0.0,11982297.270000001,11982297.270000001,0.0,0.0,0.0,0.0
Baseline,5,11083,11069,10087,0.9112837654711357,0.910132635567987,0.0,0.0,0.0,11982297.270000001,0.0,11982297.270000001,11982297.270000001,0.0,0.0,0.0,0.0
