scenario,year,headcount,eligible,participating,participation_rate_eligible,participation_rate_total,avg_deferral_rate_participants,avg_deferral_rate_total,total_employee_pre_tax,total_employer_match,total_employer_nec,total_employer_cost,total_contributions,total_plan_year_compensation,total_capped_compensation,employer_cost_pct_plan_comp,employer_cost_pct_capped_comp
New_Hire_Auto_Escalate,1,10500,10466,9393,0.8974775463405312,0.8945714285714286,0.0,0.0,0.0,11982297.270000001,0.0,11982297.270000001,11982297.270000001,0.0,0.0,0.0,0.0
New_Hire_Auto_Escalate,2,10500,10483,9523,0.9084231613087856,0.906952380952381,0.0,0.0,0.0,11982297.270000001,0.0,11982297.270000001,11982297.270000001,0.0,0.0,0.0,0.0
New_Hire_Auto_Escalate,3,10640,10630,9652,0.9079962370649106,0.9071428571428571,0.0,0.0,0.0,11982297.270000001,0.0,11982297.270000001,11982297.270000001,0.0,0.0,0.0,0.0
New_Hire_Auto_Escalate,4,10870,10857,9873,0.9093672285161647,0.9082796688132475,0.0,0.0,0.0,11982297.270000001,0.0,11982297.270000001,11982297.270000001,0.0,0.0,0.0,0.0
New_Hire_Auto_Escalate,5,11083,11069,10084,0.9110127382780739,0.9098619507353605,0.0,0.0,0.0,11982297.270000001,0.0,11982297.270000001,11982297.270000001,0.0,0.0,0.0,0.0
