scenario,year,headcount,total_comp
ReEnroll_Below_Cap,1,10771,851359430.5303
ReEnroll_Below_Cap,2,10970,866208578.0081911
ReEnroll_Below_Cap,3,11206,888557484.336849
ReEnroll_Below_Cap,4,11398,906797593.4852002
ReEnroll_Below_Cap,5,11631,922478619.4063447
