scenario,year,headcount,eligible,participating,participation_rate_eligible,participation_rate_total,avg_deferral_rate_participants,avg_deferral_rate_total,total_employee_pre_tax,total_employer_match,total_employer_nec,total_employer_cost,total_contributions,total_plan_year_compensation,total_capped_compensation,employer_cost_pct_plan_comp,employer_cost_pct_capped_comp
ReEnroll_Below_Cap,1,10500,10466,9391,0.8972864513663291,0.8943809523809524,0.0,0.0,0.0,11982297.270000001,0.0,11982297.270000001,11982297.270000001,0.0,0.0,0.0,0.0
ReEnroll_Below_Cap,2,10500,10483,9523,0.9084231613087856,0.906952380952381,0.0,0.0,0.0,11982297.270000001,0.0,11982297.270000001,11982297.270000001,0.0,0.0,0.0,0.0
ReEnroll_Below_Cap,3,10640,10630,9652,0.9079962370649106,0.9071428571428571,0.0,0.0,0.0,11982297.270000001,0.0,11982297.270000001,11982297.270000001,0.0,0.0,0.0,0.0
ReEnroll_Below_Cap,4,10870,10857,9874,0.9094593349912499,0.9083716651333946,0.0,0.0,0.0,11982297.270000001,0.0,11982297.270000001,11982297.270000001,0.0,0.0,0.0,0.0
ReEnroll_Below_Cap,5,11083,11069,10084,0.9110127382780739,0.9098619507353605,0.0,0.0,0.0,11982297.270000001,0.0,11982297.270000001,11982297.270000001,0.0,0.0,0.0,0.0
