Year,Continuous Active,Experienced Terminated,New Hire Active,New Hire Terminated,Active,ActiveGrowthRate
2025,87,13,19,8,106,
2026,102,4,8,6,110,0.03773584905660377
2027,94,16,20,8,114,0.03636363636363636
2028,104,10,18,4,122,0.07017543859649122
2029,101,21,26,9,127,0.040983606557377046
