Year,Continuous Active,Experienced Terminated,New Hire Active,New Hire Terminated,Total Terminated,Active,ActiveGrowthRate
2025,85,15,20,3,18,105,0.0
2026,89,16,22,5,21,111,0.05714285714285714
2027,94,17,23,5,22,117,0.05405405405405406
2028,99,18,24,3,21,123,0.05128205128205128
2029,104,19,26,2,21,130,0.056910569105691054
